country,deaths,pollution
afghanistan,84562.89665000002,0.245
angola,53536.381550000006,1.18
albania,5524.1071999999995,1.57
united_arab_emirates,233.39115999999999,21.7
argentina,6240.640520000001,4.6
armenia,775.21654,1.76
antigua_and_barbuda,6.052929999999999,5.9
azerbaijan,2982.8069699999996,3.82
burundi,33296.56786,0.0461
